{"cameraMode":{"drawMode":0,"name":"Shaded","section":"Shading Mode"},"sceneLighting":false,"audioPlay":false,"sceneViewState":{"m_AlwaysRefresh":false,"showFog":true,"showSkybox":false,"showFlares":true,"showImageEffects":true,"showParticleSystems":true,"showVisualEffectGraphs":true,"m_FxEnabled":true},"in2DMode":false,"pivot":{"x":-1.041282057762146,"y":-0.15600299835205079,"z":1.2022900581359864},"rotation":{"x":-0.012133777141571045,"y":0.9638434648513794,"z":-0.2624083161354065,"w":-0.044560350477695468},"size":7.123562812805176,"orthographic":false}